name,value,domain,path,expires,size,HTTPOnly,secure,sameSite,partition Key Site,Cross Site,priority,phase,website,,,,,,
utag_main__ss,0%3Bexp-session,.intuit.com,/,2025-11-24T18:06:30.000Z,28,,,,,,Medium,no_action,intuit.com,,,,,,
utag_main_ses_id,1764004846572%3Bexp-session,.intuit.com,/,2025-11-24T18:06:30.000Z,43,,,,,,Medium,no_action,intuit.com,,,,,,
utag_main__st,1764007590283%3Bexp-session,.intuit.com,/,2025-11-24T18:06:30.000Z,40,,,,,,Medium,no_action,intuit.com,,,,,,
bm_sv,1C178CDCB956238126D89F672B0DDA34~YAAQbo8UApEPGJqaAQAAAg/wth3ZPnbW5lV5F92Xhn4FKrthVNqzQzB5MCLbRtbclkBx1ni/oBkyneDQnpD6dqZhaisFpXuv4zbyuXdytAN5x7UfgUkCNcPLXKu1Afe3W93Xl3+ump5LpUAkf/xlqY5rKiYcAJ9gnhHfpHpDTnneUroVaF5EaWHbOBW06jxhpoSkzGGkySAEmbVF4D7Wf/MRF2SA+vXNcOtQ1eLxQp+k99HLbZ0tF0qy+770TmGV~1,.intuit.com,/,2025-11-24T19:20:45.839Z,296,,✓,,,,Medium,no_action,intuit.com,,,,,,
ccpa,1|0,.intuit.com,/,2026-11-25T01:36:30.000Z,7,,✓,None,,,Medium,no_action,intuit.com,,,,,,
cpra,1|0,.intuit.com,/,2026-11-25T01:36:30.000Z,7,,✓,None,,,Medium,no_action,intuit.com,,,,,,
gdpr,1|0|0|0,.intuit.com,/,2026-11-24T00:00:00.403Z,11,,✓,None,,,Medium,no_action,intuit.com,,,,,,
utag_main__sn,2,.intuit.com,/,2026-11-24T17:36:30.000Z,14,,,,,,Medium,no_action,intuit.com,,,,,,
utag_main__pn,3%3Bexp-session,.intuit.com,/,2025-11-24T18:06:30.000Z,28,,,,,,Medium,no_action,intuit.com,,,,,,
utag_main__se,3%3Bexp-session,.intuit.com,/,2025-11-24T18:06:30.000Z,28,,,,,,Medium,no_action,intuit.com,,,,,,
AKA_A2,A,.intuit.com,/,2025-11-24T18:21:21.012Z,7,✓,✓,,,,Medium,no_action,intuit.com,,,,,,
ak_bmsc,B025C2006BCE91858815B37B5709466E~000000000000000000000000000000~YAAQBrMUAmDCIqyaAQAAw7mgth36RYRdOiczZZgEnbt5cJiRXXuV44lGh85noUc9jYlod0HOf0KEX4eYZ/0ZYqINFeyH99cBYc6CYB8rxnBnyuIegH7tFyiKOQzBT5K/v/6aIIbHH6jE5D8GdlZiJmmG0AX8Mb6cARY9oVzvnbI3cqGk+iuw/N9kHAXCeVBG73cUQgZmm2RbuF5RvUtXZ/Nt/7yYSRFZccnnxmY/I2OGI+FD6dqHSM6lxpyroqezz5s7IcRkcwIybY0bvg6PdNwnF8XdwD9WcFfaIcpyHF+PLyFJTvogkjetdhFyLgR9pAag5F3vnG9QoNkPqFqEHYDdVCvKM/4nHel1h4XF5nyDEoQisVN2yrAY40sENZ61d7jJqYnReIS3Chg=,.intuit.com,/,2025-11-24T18:09:38.084Z,471,✓,,,,,Medium,no_action,intuit.com,,,,,,
AKES_GEO,DE~HE,.intuit.com,/,Session,13,,✓,,,,Medium,no_action,intuit.com,,,,,,
ivid,a94304b9-01f0-47c7-95ef-3bffcf8d85c1,.intuit.com,/,2026-12-29T17:36:00.869Z,40,,✓,None,,,Medium,no_action,intuit.com,,,,,,
CONSENTMGR,c1:0%7Cc2:1%7Cc3:1%7Cc4:1%7Cc5:1%7Cc6:1%7Cc7:1%7Cc8:1%7Cc9:1%7Cc10:1%7Cc11:1%7Cc12:1%7Cc13:1%7Cc14:1%7Cc15:1%7Cc16:1%7Cts:1764005790290%7Cconsent:true,.intuit.com,/,2026-11-24T17:36:30.000Z,160,,,,,,Medium,no_action,intuit.com,,,,,,
OptanonConsent,isGpcEnabled=0&datestamp=Tue+Nov+25+2025+01%3A36%3A34+GMT%2B0800+(China+Standard+Time)&version=202501.1.0&browserGpcFlag=0&isIABGlobal=false&consentId=e4b44bef-804f-42fa-a456-8f10a52de133&interactionCount=1&isAnonUser=1&landingPath=https%3A%2F%2Fwww.intuit.com%2F&groups=BG195%3A0%2C1%3A1%2CBG196%3A0%2C2%3A0%2CBG197%3A0%2C3%3A0%2CBG198%3A0%2C4%3A0&hosts=H317%3A0%2CH28%3A0%2CH343%3A0%2CH322%3A0%2CH336%3A0%2CH117%3A0%2CH118%3A0%2CH240%3A0%2CH238%3A0%2CH122%3A0%2CH123%3A0%2CH44%3A0%2CH124%3A0%2CH288%3A0%2CH289%3A0%2CH126%3A0%2CH315%3A0%2CH318%3A0%2CH130%3A0%2CH25%3A0%2CH26%3A0%2CH187%3A0%2CH323%3A0%2CH202%3A0%2CH27%3A0%2CH209%3A0%2CH45%3A0%2CH133%3A0%2CH134%3A0%2CH427%3A0%2CH428%3A0%2CH171%3A0%2CH114%3A0%2CH30%3A0%2CH328%3A0%2CH349%3A0%2CH12%3A0%2CH332%3A0%2CH33%3A0%2CH35%3A0%2CH335%3A0%2CH137%3A0%2CH138%3A0%2CH115%3A0%2CH203%3A0%2CH355%3A0%2CH140%3A0%2CH339%3A0&genVendors=,.intuit.com,/,2026-11-24T17:36:34.000Z,896,,,Lax,,,Medium,no_action,intuit.com,,,,,,
AKES_GEO,DE~HE,.intuit.com,/,Session,13,,✓,,,,Medium,reject,intuit.com,,,,,,
bm_sv,1C178CDCB956238126D89F672B0DDA34~YAAQBrMUAvB2KayaAQAAjrf6th1KXAsJ1xLouS8HKcNhltkI86xzQA3yj8MmQc+6Op7GroJHD5trfQ1ces2rcYwWDqNXujG+SOcxqNxoSpca8b8NygJvviFvVDfSNqtBwTd4ujv83jFmS4nZiUAk4kXatCDAz4oK1OTYx9mHpd9C5zZ8pI53yeDYGRV8G7fEgwa4gGoGdovAbX8/tRZwUkUVFtDHZT13s9fYxCt0TUnTY2jC9UmsgUFtfRbDlirQ~1,.intuit.com,/,2025-11-24T19:20:41.721Z,296,,✓,,,,Medium,reject,intuit.com,,,,,,
ccpa,1|0,.intuit.com,/,2026-11-25T01:47:58.000Z,7,,✓,None,,,Medium,reject,intuit.com,,,,,,
CONSENTMGR,c1:0%7Cc2:1%7Cc3:1%7Cc4:1%7Cc5:1%7Cc6:1%7Cc7:1%7Cc8:1%7Cc9:1%7Cc10:1%7Cc11:1%7Cc12:1%7Cc13:1%7Cc14:1%7Cc15:1%7Cc16:1%7Cts:1764006478378%7Cconsent:true,.intuit.com,/,2026-11-24T17:47:58.000Z,160,,,,,,Medium,reject,intuit.com,,,,,,
cpra,1|0,.intuit.com,/,2026-11-25T01:47:58.000Z,7,,✓,None,,,Medium,reject,intuit.com,,,,,,
gdpr,1|0|0|0,.intuit.com,/,2026-11-24T00:00:00.403Z,11,,✓,None,,,Medium,reject,intuit.com,,,,,,
ivid,a94304b9-01f0-47c7-95ef-3bffcf8d85c1,.intuit.com,/,2026-12-29T17:47:54.280Z,40,,✓,None,,,Medium,reject,intuit.com,,,,,,
OptanonAlertBoxClosed,2025-11-24T17:47:45.962Z,.intuit.com,/,2026-11-24T17:47:45.000Z,45,,,Lax,,,Medium,reject,intuit.com,,,,,,
OptanonConsent,isGpcEnabled=0&datestamp=Tue+Nov+25+2025+01%3A47%3A58+GMT%2B0800+(China+Standard+Time)&version=202501.1.0&browserGpcFlag=0&isIABGlobal=false&consentId=e4b44bef-804f-42fa-a456-8f10a52de133&interactionCount=2&isAnonUser=1&landingPath=NotLandingPage&groups=1%3A1%2CBG195%3A0%2C2%3A0%2CBG196%3A0%2C3%3A0%2CBG197%3A0%2C4%3A0%2CBG198%3A0&hosts=H317%3A0%2CH28%3A0%2CH343%3A0%2CH322%3A0%2CH336%3A0%2CH117%3A0%2CH118%3A0%2CH240%3A0%2CH238%3A0%2CH122%3A0%2CH123%3A0%2CH44%3A0%2CH124%3A0%2CH288%3A0%2CH289%3A0%2CH126%3A0%2CH315%3A0%2CH318%3A0%2CH130%3A0%2CH25%3A0%2CH26%3A0%2CH187%3A0%2CH323%3A0%2CH202%3A0%2CH27%3A0%2CH209%3A0%2CH45%3A0%2CH133%3A0%2CH134%3A0%2CH427%3A0%2CH428%3A0%2CH171%3A0%2CH114%3A0%2CH30%3A0%2CH328%3A0%2CH349%3A0%2CH12%3A0%2CH332%3A0%2CH33%3A0%2CH35%3A0%2CH335%3A0%2CH137%3A0%2CH138%3A0%2CH115%3A0%2CH203%3A0%2CH355%3A0%2CH140%3A0%2CH339%3A0&genVendors=&intType=2&geolocation=DE%3BHE&AwaitingReconsent=false,.intuit.com,/,2026-11-24T17:47:58.000Z,933,,,Lax,,,Medium,reject,intuit.com,,,,,,
utag_main__pn,4%3Bexp-session,.intuit.com,/,2025-11-24T18:17:58.000Z,28,,,,,,Medium,reject,intuit.com,,,,,,
utag_main__se,4%3Bexp-session,.intuit.com,/,2025-11-24T18:17:58.000Z,28,,,,,,Medium,reject,intuit.com,,,,,,
utag_main__sn,2,.intuit.com,/,2026-11-24T17:47:58.000Z,14,,,,,,Medium,reject,intuit.com,,,,,,
utag_main__ss,0%3Bexp-session,.intuit.com,/,2025-11-24T18:17:58.000Z,28,,,,,,Medium,reject,intuit.com,,,,,,
utag_main__st,1764008278370%3Bexp-session,.intuit.com,/,2025-11-24T18:17:58.000Z,40,,,,,,Medium,reject,intuit.com,,,,,,
utag_main_ses_id,1764004846572%3Bexp-session,.intuit.com,/,2025-11-24T18:17:58.000Z,43,,,,,,Medium,reject,intuit.com,,,,,,
"
__cf_bm",H_a9BT5.0SURlJK45REiHcSIE79oZ3xxhcbYIj2ChS8-1764006595.7650578-1.0.1.1-fjR5vQs27Hyvmc4zyicZFAQYSeJVZRqs7HYsYPuxBo5FS54.TwaZ.8.vLfznTg7hqbQ2TE7tlAwnyJwW0fami9F.ZGBxIiZ9B3KzSfDfGUZrPBNI5fLIWBDVE1WnUOhl,.t.co,/,2025-11-24T18:19:55.941Z,206,✓,✓,,,,Medium,accept,intuit.com,,,,,,
__cf_bm,PJLd0KpDjkTiavIbMeYdbrT2NsIH9V5yHWlCd2f6MFs-1764006596.0156145-1.0.1.1-rZbVNbn0mwMAV4cTDC8jxw9Y2p33o1wwLW50jga9dCSSC5cyYFsUAMGLwa2.u6_xQgJPsb9ClZAQW5RfPX1ELAW4H5nR8oV2eWJJ9grEMUFbbPCoyoOMAs3BKTIPvQvz,.twitter.com,/,2025-11-24T18:19:56.273Z,206,✓,✓,,,,Medium,accept,intuit.com,,,,,,
_fbp,fb.1.1764006597095.303370379989113582,.intuit.com,/,2026-02-22T17:49:57.000Z,41,,,Lax,,,Medium,accept,intuit.com,,,,,,
_ga,GA1.1.2003638067.1764006598,.intuit.com,/,2026-12-29T17:49:57.978Z,30,,,,,,Medium,accept,intuit.com,,,,,,
_ga_B0XHEYG9RN,GS2.1.s1764006597$o1$g0$t1764006597$j60$l0$h0,.intuit.com,/,2026-12-29T17:49:57.977Z,59,,,,,,Medium,accept,intuit.com,,,,,,
_gcl_au,1.1.1439788792.1764006595,.intuit.com,/,2026-02-22T17:49:55.000Z,32,,,,,,Medium,accept,intuit.com,,,,,,
_ScCbts,%5B%5D,.intuit.com,/,2025-12-01T17:49:58.000Z,13,,,Lax,,,Medium,accept,intuit.com,,,,,,
_scid,dsainY0rLmVPRLBYkd_TfGzbbh9AVQM4,.intuit.com,/,2026-12-24T17:49:57.000Z,37,,,Lax,,,Medium,accept,intuit.com,,,,,,
_scid_r,dsainY0rLmVPRLBYkd_TfGzbbh9AVQM4,.intuit.com,/,2026-12-24T17:49:57.000Z,39,,,Lax,,,Medium,accept,intuit.com,,,,,,
_tt_enable_cookie,1,.intuit.com,/,2026-12-19T17:49:59.000Z,18,,,,,,Medium,accept,intuit.com,,,,,,
_ttp,01KAVFS77F2QPYC9TC8FJBP2N3_.tt.1,.intuit.com,/,2026-12-19T17:49:59.000Z,36,,,,,,Medium,accept,intuit.com,,,,,,
_ttp,35w21N3yH4xbuMwJYno2BpqECED,.tiktok.com,/,2026-12-19T17:49:57.387Z,31,,✓,None,,,Medium,accept,intuit.com,,,,,,
ajs_anonymous_id,dc7ac6c2-2bc8-4cd3-88ca-e94fd28a084e,.intuit.com,/,2026-11-24T17:50:01.000Z,52,,,Lax,,,Medium,accept,intuit.com,,,,,,
ak_bmsc,686E0A439CA42C2027760983F9644A15~000000000000000000000000000000~YAAQBrMUAliiKayaAQAAvUT8th3bJQN33a5pwjZ7tcXAU1LLzDTGiKVpXCiY4zmQbM3f0PsjtQMeY9DQ8MHg7ZuEU7kfz7IRmVSpX948/5B8jaRZ3HVYMw1Gdu/3U+6iKXDi2wMi5+3VhfxrrMe6pXSPqlKLJMTXq0/y7TP2JhbNyBtXk/dFpth9rwf5I2PgvnAZEob0GZGIoIlzNl7O2NSnQ50F8uKoe/DlUiZpPaEd5LYuzmjZOwnu9swE2ZFeddDa+7ij3QhOinsVh+ecv2ZEXyVxKMv+RFj1ae1fNTRNalNSd+Ak2Nw65MRYdqD7NBz3hgfsKzzmE8nDtHPoTJo7Lmor5l30M8wzu29MRu5+Osg3MehOTuyVWawmsC7SBz9djrXHQuXlazU=,.intuit.com,/,2025-11-24T19:49:37.401Z,471,✓,,,,,Medium,accept,intuit.com,,,,,,
AKA_A2,A,.intuit.com,/,2025-11-24T18:49:37.401Z,7,✓,✓,,,,Medium,accept,intuit.com,,,,,,
AKES_GEO,DE~HE,.intuit.com,/,Session,13,,✓,,,,Medium,accept,intuit.com,,,,,,
canary,1,.mi.com,/,2026-02-24T17:54:44.167Z,7,,,,,,Medium,na,mi.com,,,,,,
notice_behavior,"implied,eu",.mi.com,/,Session,25,,✓,Lax,,,Medium,na,mi.com,,,,,,
notice_gdpr_prefs_copy,0%3A,.mi.com,/global,2026-12-24T17:54:44.000Z,26,,,,,,Medium,na,mi.com,,,,,,
policy_notice_pre,0%3A,.mi.com,/global,2026-12-24T17:54:44.000Z,21,,,,,,Medium,na,mi.com,,,,,,
RT,"""z=1&dm=www.mi.com&si=b172dff8-3d50-4506-bbd6-b799505b934a&ss=midg496x&sl=3&tt=l4a&bcn=%2F%2F0217991a.akstat.io%2F&ld=194i""",.www.mi.com,/,2025-12-01T17:54:43.000Z,125,,,Lax,,,Medium,na,mi.com,,,,,,
TAsessionID,4c39c217-a3b3-4036-8adb-c5225db76f5e|NEW,.mi.com,/,2025-11-24T18:23:56.000Z,51,,✓,Lax,,,Medium,na,mi.com,,,,,,
xm_geo,DE,.mi.com,/,Session,8,,,,,,Medium,na,mi.com,,,,,,
xm_user_bucket,4,.mi.com,/,2026-12-24T16:14:14.420Z,15,,,,,,Medium,na,mi.com,,,,,,
xmuuid,XMGUEST-768C96EC-1DC8-766A-C726-F3AEEC68A740,.mi.com,/,2026-02-24T16:14:19.906Z,50,,,,,,Medium,na,mi.com,,,,,,
canary,1,.mi.com,/,2026-02-24T17:55:53.506Z,7,,,,,,Medium,re,mi.com,,,,,,
cmapi_cookie_privacy,permit 1 required,.mi.com,/,2026-12-24T17:55:49.000Z,37,,✓,Lax,,,Medium,re,mi.com,,,,,,
cmapi_gtm_bl,ga-ms-ua-ta-asp-bzi-sp-awct-cts-csm-img-flc-fls-mpm-mpr-m6d-tc-tdc,.mi.com,/,2026-12-24T17:55:49.000Z,78,,✓,Lax,,,Medium,re,mi.com,,,,,,
notice_behavior,"implied,eu",.mi.com,/,Session,25,,✓,Lax,,,Medium,re,mi.com,,,,,,
notice_gdpr_prefs,0:,.mi.com,/,2026-12-24T17:55:49.000Z,19,,✓,Lax,,,Medium,re,mi.com,,,,,,
notice_gdpr_prefs_copy,0%3A,.mi.com,/global,2026-12-24T17:54:44.000Z,26,,,,,,Medium,re,mi.com,,,,,,
notice_preferences,0:,.mi.com,/,2026-12-24T17:55:49.000Z,20,,✓,Lax,,,Medium,re,mi.com,,,,,,
policy_notice_pre,0%3A,.mi.com,/global,2026-12-24T17:54:44.000Z,21,,,,,,Medium,re,mi.com,,,,,,
RT,"""z=1&dm=www.mi.com&si=b172dff8-3d50-4506-bbd6-b799505b934a&ss=midg496x&sl=4&tt=pjg&bcn=%2F%2F0217991a.akstat.io%2F&ld=2svw""",.www.mi.com,/,2025-12-01T17:55:55.000Z,125,,,Lax,,,Medium,re,mi.com,,,,,,
TAconsentID,68118a8c-6742-4d3a-8884-43fcca55edc7,.mi.com,/,2026-12-24T17:55:49.000Z,47,,✓,Lax,,,Medium,re,mi.com,,,,,,
TAsessionID,4c39c217-a3b3-4036-8adb-c5225db76f5e|NEW,.mi.com,/,2025-11-24T18:23:56.000Z,51,,✓,Lax,,,Medium,re,mi.com,,,,,,
xm_geo,DE,.mi.com,/,Session,8,,,,,,Medium,re,mi.com,,,,,,
xm_user_bucket,4,.mi.com,/,2026-12-24T16:14:14.420Z,15,,,,,,Medium,re,mi.com,,,,,,
xmuuid,XMGUEST-768C96EC-1DC8-766A-C726-F3AEEC68A740,.mi.com,/,2026-02-24T16:14:19.906Z,50,,,,,,Medium,re,mi.com,,,,,,
__Secure-BUCKET,CKEF,.google.com,/,2026-05-23T16:32:16.810Z,19,✓,✓,Lax,,,Medium,ac,mi.com,,,,,,
__Secure-ENID,29.SE=H8mUeOy_eeHoAk7Xvb-feH0R6RtBpwA7hz7Cm6xYkpIqF52RyUHiU9vJnJzxpi5HJy5KbfVeaSs70pZwJvrmr_cU9l9lqz5am2xRCJNJPwllXp8f061H0JQp5rFd1JK4n5Sd_ErMpQw0LozdF7Em2txXV2p9s0NVBfEiklTe1SJTrvdlvfF-lhX0aCLL3m-l64rbGOixETzeHrIvvJ2ye0KR49Zo2jUH9g1uaWQMxRAhbDyR-sNAxjuPMgCueF1-BcbP07u-oDzYsX4wuayf-5v-Fzrw19M,.google.com,/,2026-12-25T08:48:33.810Z,306,✓,✓,Lax,,,Medium,ac,mi.com,,,,,,
__Secure-STRP,ADq1D7pQp4kBMbct6uvbxJAJH9dNGOA50cai0jbZKNz7BuKJOM4IUmSP5lrNTM4RJH307jlE8mG7Ekv2AUjzgyLc6p_A5xr7FmGs,.google.com,/,2025-11-24T17:58:50.565Z,113,,✓,Strict,,,Medium,ac,mi.com,,,,,,
_ga,GA1.1.804540064.1764007005,.mi.com,/,2026-12-29T17:56:46.497Z,29,,,,,,Medium,ac,mi.com,,,,,,
_ga_M7BZ346GN7,GS2.1.s1764007006$o1$g1$t1764007006$j60$l0$h0,.mi.com,/,2026-12-29T17:56:46.575Z,59,,,,,,Medium,ac,mi.com,,,,,,
_ga_TN8XYTFEY2,GS2.1.s1764007005$o1$g0$t1764007005$j60$l0$h0,.mi.com,/,2026-12-29T17:56:45.439Z,59,,,,,,Medium,ac,mi.com,,,,,,
_gat_gtag_UA_213608374_11,1,.mi.com,/,2025-11-24T17:57:46.000Z,26,,,,,,Medium,ac,mi.com,,,,,,
_gcl_au,1.1.1340958710.1764007001,.mi.com,/,2026-02-22T17:56:41.000Z,32,,,,,,Medium,ac,mi.com,,,,,,
_gid,GA1.2.1485318199.1764007006,.mi.com,/,2025-11-25T17:56:46.000Z,31,,,,,,Medium,ac,mi.com,,,,,,
_ot_curr_uri_path,https://www.mi.com/global/support/safety-notice/,.mi.com,/global,Session,65,,,Strict,,,Medium,ac,mi.com,,,,,,
_ot_instance_id,dgtsnxql1zzhbcum7xrybjfejhe17dw4,.mi.com,/global,2026-12-24T17:56:46.000Z,47,,,Strict,,,Medium,ac,mi.com,,,,,,
_ot_last_source,,.mi.com,/global,2025-11-24T18:26:46.000Z,15,,,Strict,,,Medium,ac,mi.com,,,,,,
_ot_last_time,1764007006509,.mi.com,/global,Session,26,,,Strict,,,Medium,ac,mi.com,,,,,,
_ot_prev_uri_path,https://www.mi.com/global/support/safety-notice/,.mi.com,/global,Session,65,,,Strict,,,Medium,ac,mi.com,,,,,,
_ot_ref_b,support_safety-notice,.mi.com,/global,Session,30,,,Strict,,,Medium,ac,mi.com,,,,,,
_ot_ref_tip,,.mi.com,/global,Session,11,,,Strict,,,Medium,ac,mi.com,,,,,,
__Secure-BUCKET,CKEF,.google.com,/,2026-05-23T16:32:16.810Z,19,✓,✓,Lax,,,Medium,ac,mi.com,,,,,,
__Secure-ENID,29.SE=H8mUeOy_eeHoAk7Xvb-feH0R6RtBpwA7hz7Cm6xYkpIqF52RyUHiU9vJnJzxpi5HJy5KbfVeaSs70pZwJvrmr_cU9l9lqz5am2xRCJNJPwllXp8f061H0JQp5rFd1JK4n5Sd_ErMpQw0LozdF7Em2txXV2p9s0NVBfEiklTe1SJTrvdlvfF-lhX0aCLL3m-l64rbGOixETzeHrIvvJ2ye0KR49Zo2jUH9g1uaWQMxRAhbDyR-sNAxjuPMgCueF1-BcbP07u-oDzYsX4wuayf-5v-Fzrw19M,.google.com,/,2026-12-25T08:48:33.810Z,306,✓,✓,Lax,,,Medium,ac,mi.com,,,,,,
__Secure-STRP,ADq1D7pQp4kBMbct6uvbxJAJH9dNGOA50cai0jbZKNz7BuKJOM4IUmSP5lrNTM4RJH307jlE8mG7Ekv2AUjzgyLc6p_A5xr7FmGs,.google.com,/,2025-11-24T17:58:50.565Z,113,,✓,Strict,,,Medium,ac,mi.com,,,,,,
AEC,AaJma5uf_5qNGfkwWrtehbNSOtVvdU1jHXYjPFoztjgbnIg4rwJIuHNrhg,.google.com,/,2026-05-23T16:30:15.427Z,61,✓,✓,Lax,,,Medium,ac,mi.com,,,,,,
SOCS,CAESHwgCEhJnd3NfMjAyNTExMjAtMF9SQzEaBXpoLUNOIAEaBgiAwI7JBg,.google.com,/,2026-12-24T16:32:16.810Z,62,,✓,Lax,,,Medium,ac,mi.com,,,,,,
_abck,C4DECD5B1DEF3897203A6628961E507B~-1~YAAQhyV+aEVcPq2aAQAAzTXBtg7Mu4qa9ljHf9VFwc1cCHZrvGT1wlGFLvKAcBUywSFxKuspexYhM0OyaQrN7Ao7lCM6jcb/I0CmFQmuQOLU4QWnzO1c0WifR9YkiTj3DMYtBtfe9JaEhRB07no+9mejbgRkL8zwXrq8p/Pp+WKLnJl/4ckchz36rwLenwpb48iQcW7usOa2QpAZJ4Q0V/z09pH9H2ybA1K4z6ysnLuHdTR4KvUZT6Yed1uIeePOZNJdYNGQ0WxyEWu+wF3Hf4tBB2mnGXo5EDlwkgOV1krnEGvO0oJljzyUTEqIShHPdJvwIrFpMBZ0unuBfCL3e2d+rgCZA1B4FwZpT29Fur3Lve0HI664cp8JxA1CYZNBodbqdeEeMgsd9KjmhvXoiKBYG+WeX/xwGiAOuQIA0eq97iRnHRT8cAJJtVu2BQxpcJ6yigySzTLoiY6u~-1~-1~-1~-1~-1,.salesforce.com,/,2026-11-24T16:45:06.968Z,520,,✓,,,,Medium,na,salesforce.com,,,,,,
ak_loc,"cc:DE,ct:FRANKFURT,st:HE,msa:HE,pmsa:HE",www.salesforce.com,/,Session,45,,,,,,Medium,na,salesforce.com,,,,,,
akacd_Canary_Release_PROD,1795538707~rv=48~id=f8cc1ec474efc173cdde8fd5d9272769,www.salesforce.com,/,2026-11-24T16:45:07.347Z,77,,✓,None,,,Medium,na,salesforce.com,,,,,,
bm_sz,EA9B5E3517545703B645D1B5524111B8~YAAQhyV+aGdcPq2aAQAASDfBth0+skm02VXX4N5VXHDuETzclHouHIe+WH39ukagNnSY9ClV+VEKKXD5g084GD/b7x+F1rhgEcYwwk7IR8+kVRCokYwU4mfR2MQB/BQdX6wF1JXPzJEN1OgI2UUKM9DJEpNISRsJRDgW9KtkQ8sW28PbiasTBlzqRsqwEGMu4GfBHbez+i1w4eJ6Wy5IM3dQeIZYqS52lyK8Oc7KMIoEPG7Gk325SChnIDwuHQkNz3AIWSV64MducnwE/9J1C7en9YfRnbFN/ax9PMLk4hdU/j/slpN5aWztRh5+QMk/H78UQ/8vGXC0+OwPik2ajudbuvQiwWlcfLCekrr3L2RGeeAshZ9LxOpPn92GXDDmsAr3OWkzwV2yrSPez1essrBCdpe2Og==~3556934~4604729,.salesforce.com,/,2025-11-24T20:45:06.347Z,470,,,,,,Medium,na,salesforce.com,,,,,,
BOOMR_CONSENT,"""opted-out""",.www.salesforce.com,/,2026-11-24T16:45:15.000Z,24,,✓,None,,,Medium,na,salesforce.com,,,,,,
OptanonConsent,isGpcEnabled=0&datestamp=Tue+Nov+25+2025+00%3A45%3A12+GMT%2B0800+(China+Standard+Time)&version=202408.1.0&browserGpcFlag=0&isIABGlobal=false&hosts=&consentId=0dbc95da-1ce9-4e8a-8487-3d73b0443378&interactionCount=0&isAnonUser=1&landingPath=https%3A%2F%2Fwww.salesforce.com%2Fde%2F%3Fir%3D1&groups=1%3A1%2C3%3A0%2C4%3A0,.salesforce.com,/,2026-11-24T16:45:12.000Z,331,,,Lax,,,Medium,na,salesforce.com,,,,,,
sfdcConsent,1,.salesforce.com,/,2026-11-24T16:45:12.000Z,12,,,,,,Medium,na,salesforce.com,,,,,,
_abck,C4DECD5B1DEF3897203A6628961E507B~-1~YAAQhyV+aEVcPq2aAQAAzTXBtg7Mu4qa9ljHf9VFwc1cCHZrvGT1wlGFLvKAcBUywSFxKuspexYhM0OyaQrN7Ao7lCM6jcb/I0CmFQmuQOLU4QWnzO1c0WifR9YkiTj3DMYtBtfe9JaEhRB07no+9mejbgRkL8zwXrq8p/Pp+WKLnJl/4ckchz36rwLenwpb48iQcW7usOa2QpAZJ4Q0V/z09pH9H2ybA1K4z6ysnLuHdTR4KvUZT6Yed1uIeePOZNJdYNGQ0WxyEWu+wF3Hf4tBB2mnGXo5EDlwkgOV1krnEGvO0oJljzyUTEqIShHPdJvwIrFpMBZ0unuBfCL3e2d+rgCZA1B4FwZpT29Fur3Lve0HI664cp8JxA1CYZNBodbqdeEeMgsd9KjmhvXoiKBYG+WeX/xwGiAOuQIA0eq97iRnHRT8cAJJtVu2BQxpcJ6yigySzTLoiY6u~-1~-1~-1~-1~-1,.salesforce.com,/,2026-11-24T16:45:06.968Z,520,,✓,,,,Medium,re,salesforce.com,,,,,,
ak_loc,"cc:DE,ct:FRANKFURT,st:HE,msa:HE,pmsa:HE",www.salesforce.com,/,Session,45,,,,,,Medium,re,salesforce.com,,,,,,
AKA_A2,A,.salesforce.com,/,2025-11-24T19:01:38.796Z,7,✓,✓,,,,Medium,re,salesforce.com,,,,,,
akacd_Canary_Release_PROD,1795538707~rv=48~id=f8cc1ec474efc173cdde8fd5d9272769,www.salesforce.com,/,2026-11-24T16:45:07.347Z,77,,✓,None,,,Medium,re,salesforce.com,,,,,,
bm_sz,EA9B5E3517545703B645D1B5524111B8~YAAQ3WZWuNjtgqSaAQAAuUYHtx2VtFcPj54gNOiyQ1IUrjJWGEhYq5yhOiJ5SzDod0T8lToIfSVL+r12EvlGLqwRZKM3E5WZAnrFw2bz+i+HEXivl6eu8K25+3gog1tGowMAOpwtcIygMONp9DvgMl6mLflFttQGykut/Y9n3QgQMy2VOnQO+cjOTBYwu/GzyAosbE7IoLKdLwhCjyC+J35tc1a8sEtMIyFqNmskOVu9wUE3GsOjJV7DsDEQLTDP5NZRgVADHfWbh4QR6nliQ3/XE85LP6Q7GsEAfNU0sp58RYqlEHU5dwQUKqZa1jbqdO7fxKrdjkcumOwENAXL27tFUcdZYgvnCzOMMqFnjJAHKBwhPUnsd7bXpk3yLpoUV7nbYpkenSfZU2JiFgI94RIvTrVD5SnLZnNuvF3ILfhY~3556934~4604729,.salesforce.com,/,2025-11-24T20:45:06.796Z,482,,,,,,Medium,re,salesforce.com,,,,,,
BOOMR_CONSENT,"""opted-out""",.www.salesforce.com,/,2026-11-24T16:45:15.000Z,24,,✓,None,,,Medium,re,salesforce.com,,,,,,
gtm_session_start,1764007305094,www.salesforce.com,/,2025-11-24T18:31:45.000Z,30,,,,,,Medium,re,salesforce.com,,,,,,
OptanonAlertBoxClosed,2025-11-24T18:01:32.841Z,.salesforce.com,/,2026-11-24T18:01:32.000Z,45,,,Lax,,,Medium,re,salesforce.com,,,,,,
OptanonConsent,isGpcEnabled=0&datestamp=Tue+Nov+25+2025+02%3A01%3A44+GMT%2B0800+(China+Standard+Time)&version=202408.1.0&browserGpcFlag=0&isIABGlobal=false&hosts=&consentId=0dbc95da-1ce9-4e8a-8487-3d73b0443378&interactionCount=1&isAnonUser=1&landingPath=NotLandingPage&groups=1%3A1%2C3%3A0%2C4%3A0&intType=2&geolocation=DE%3BHE&AwaitingReconsent=false,.salesforce.com,/,2026-11-24T18:01:44.000Z,350,,,Lax,,,Medium,re,salesforce.com,,,,,,
sfdcConsent,1,.salesforce.com,/,2026-11-24T18:01:44.000Z,12,,,,,,Medium,re,salesforce.com,,,,,,
__Secure-ENID,29.SE=H8mUeOy_eeHoAk7Xvb-feH0R6RtBpwA7hz7Cm6xYkpIqF52RyUHiU9vJnJzxpi5HJy5KbfVeaSs70pZwJvrmr_cU9l9lqz5am2xRCJNJPwllXp8f061H0JQp5rFd1JK4n5Sd_ErMpQw0LozdF7Em2txXV2p9s0NVBfEiklTe1SJTrvdlvfF-lhX0aCLL3m-l64rbGOixETzeHrIvvJ2ye0KR49Zo2jUH9g1uaWQMxRAhbDyR-sNAxjuPMgCueF1-BcbP07u-oDzYsX4wuayf-5v-Fzrw19M,.google.com,/,2026-12-25T08:48:33.810Z,306,✓,✓,Lax,,,Medium,ac,salesforce.com,,,,,,
_abck,AD92E25C4A8ED9F1863E12BFEC532B13~-1~YAAQ3WZWuMAbg6SaAQAArvEHtw53Oy+B1crzsR9OCSlNMMvBOubyJOPqPgs6DcQbhKUvmZUpmnn/H83UjI/YSmH4zFT9UqWzbcqfeVtvBQEHnDUdwLC3e4ghoSJ87jBLquORYK1g+6dPCSLVk/+CwH4QmobfQEsFvu/nUZU506H6Wz8G+r8Bq6MBIquPX0uPkrmKgKzXwaYsDeJiwQoSMRikf+L/7x9h7SNLlZgge0BpnDTaeayFQT1VwA6V4tgp18V92ojnp0g1muqwUSIIGEZg+j0c0+F7sOI+AbLiIY3eAf8XjUokV8JoszQs/Y0xprojWtJ/oke8um/eD67fp4sf4v7dsTN/eb8Z6Wic/IWoC0tmasQszam52xCxYdpKMffkuUbkjorgDnMsP4Okqayht58IAcgvH+43MMRJwY6I74pC2UJgN8SX7iHejBN/~-1~-1~-1~-1~-1,.salesforce.com,/,2026-11-24T18:02:22.571Z,504,,✓,,,,Medium,ac,salesforce.com,,,,,,
_cs_c,1,.salesforce.com,/,2026-12-25T04:02:19.000Z,6,,,Lax,,,Medium,ac,salesforce.com,,,,,,
_cs_id,f06fb2d2-ea55-a7a7-bbdb-bec3946068f3.1764007339.1.1764007339.1764007339.1.1798171339732.1.x,.salesforce.com,/,2026-12-25T04:02:19.000Z,97,,,Lax,,,Medium,ac,salesforce.com,,,,,,
_cs_s,1.0.U.9.1764009139760,.salesforce.com,/,2025-11-24T18:32:19.000Z,26,,,Lax,,,Medium,ac,salesforce.com,,,,,,
_dc_gtm_UA-118367394-5,1,.salesforce.com,/,2025-11-24T18:03:21.000Z,23,,,,,,Medium,ac,salesforce.com,,,,,,
_ga,GA1.1.947845145.1764007339,.salesforce.com,/,2026-12-29T18:02:19.647Z,29,,,,,,Medium,ac,salesforce.com,,,,,,
_ga_3VHBZ2DJWP,GS2.1.s1764007339$o1$g0$t1764007339$j60$l0$h0,.salesforce.com,/,2026-12-29T18:02:19.682Z,59,,,,,,Medium,ac,salesforce.com,,,,,,
_gcl_au,1.1.1193289576.1764007338,.salesforce.com,/,2026-02-22T18:02:18.000Z,32,,,,,,Medium,ac,salesforce.com,,,,,,
_gid,GA1.2.1655615385.1764007339,.salesforce.com,/,2025-11-25T18:02:19.000Z,31,,,,,,Medium,ac,salesforce.com,,,,,,
AEC,AaJma5uf_5qNGfkwWrtehbNSOtVvdU1jHXYjPFoztjgbnIg4rwJIuHNrhg,.google.com,/,2026-05-23T16:30:15.427Z,61,✓,✓,Lax,,,Medium,ac,salesforce.com,,,,,,
ak_bmsc,A1445D898652E5FB7AF7656FBCBDECEE~000000000000000000000000000000~YAAQ3WZWuM4ag6SaAQAAbu4Htx0VE1y1TB25RzVGTMggTs3DRf35s7NvLqHdOlwu2MGakgpkEPajuLwDhrKNOoKuYWcv6WOb5O3ilFoCXvQ9J0e70Cak1xga5CZzEtXlEBaWTPc/rUTcWLOpdD+PVzer7TemLiLk54UMpEHpg8rcLxL2rv2FnHREpWPtZz2DBhtrILkCkGDNTBmyNsNZ59i8OxHuS9IBLrBvREuLcWrOhxs+iT4px2k8DiRIXS/5jnxZq4fh14QfsRDrEMgl16qVfkdOq4tj9TnUR3N605XTU9Yfk8dfNztSNyLQoEOfoNnMPN2EFENWoBktQjXHKzZcnWx23u2MpFj2QK5x8fqiqHvFY7qaJEpxytg2BFCQX/erY4OfqDEVnJONS5XAL5SrYGiXB7A=,.digital.salesforce.com,/,2025-11-24T20:02:21.734Z,487,✓,,,,,Medium,ac,salesforce.com,,,,,,
ak_loc,"cc:DE,ct:FRANKFURT,st:HE,msa:HE,pmsa:HE",www.salesforce.com,/,Session,45,,,,,,Medium,ac,salesforce.com,,,,,,
AKA_A2,A,.salesforce.com,/,2025-11-24T19:02:13.472Z,7,✓,✓,,,,Medium,ac,salesforce.com,,,,,,
akacd_Canary_Release_PROD,1795543333~rv=89~id=6c8a11da51d3157d77de493cc7465c44,www.salesforce.com,/,2026-11-24T18:02:13.472Z,77,,✓,None,,,Medium,ac,salesforce.com,,,,,,
bcookie,"""v=2&cf8951f8-3dac-4594-8c62-1dc01c9e4f9c""",.linkedin.com,/,2026-11-24T18:02:21.384Z,49,,✓,None,,,Medium,ac,salesforce.com,,,,,,
ak_bmsc,D1A290F543DB91EF32DA511C8B38301A~000000000000000000000000000000~YAAQkhYwFxmrDp+aAQAACTusth3GoS7XIISGnihYbBhpDLC3Qw6PTOcmslHPWWuLI6TKRGe9bnuq714HnwZza/LmbhCNP/na3+4xiYgalmCK88DZUUTeS80HZT+pxmGyJ7KAHeAIaUn72FPMhtDsv4DPLuhk1LMO+qC7zPudillzLIXcfz4fT1ldgrYgtIircQH/ZXdEj42EA+eq/g+784u7o522kwRTgypc6ID31ZWif7Xmg0OS2nEanqsdqOmfGOrQm2c8oTjHq/dFS/H206oEw9UCg8eB3ZNzJybZ633D3VXmQR8w+yinQ8G05kkdFdEMnSAHTlR89+pJ7HZA9IBaTuDFnFta5cNggOUvsvQSx/5+7PjfZC8Gq4/DeF7HAgvpqVMnc8oPTmKkoE3V0sLCaArlyCbVc0evz+syu8BMsY35/Y0UA7dR0OgYuITwWno7DAPsL5p7JMP6iA==,.adobe.com,/,2025-11-24T18:22:11.062Z,539,✓,,,,,Medium,na,adobe.com,,,,,,
AKA_A2,A,.adobe.com,/,2025-11-24T19:03:42.269Z,7,✓,✓,,,,Medium,na,adobe.com,,,,,,
AMCV_9E1005A551ED61CA0A490D45%40AdobeOrg,MCMID|40089586735706867652999526195825177976,.adobe.com,/,2026-12-29T16:22:11.877Z,84,,,,,,Medium,na,adobe.com,,,,,,
bm_sv,9A26DA24199B5F64D270CF5D7A2402E5~YAAQkhYwF9pfEp+aAQAAG7MJtx1qL3K86KAvOAWRxBNJcFdfnOwufShiekpIflLK4vLv6WlUEn8DGrlUrdYnY33rQ9+xgTlOPBu/NN13bNepcEWtUbEtY0DNKuFJO3W5r+rCgH+DFbz1luCvgkfjBrc9cNWQgnEyUuebS4D6foHQ56CzxRxxd+B+MrvH4c8ATZyiePoY/e8a645IZRWDo3uRNoJcuSocv4paYYp3p+az+IqiMes8d5mjWkdkPe42~1,.adobe.com,/,2025-11-24T18:22:11.624Z,296,,✓,,,,Medium,na,adobe.com,,,,,,
fg,Z7NRZPY3FLM5ADEKFAQVIHAACI======,.adobe.com,/,2025-11-25T18:04:12.044Z,34,,✓,None,,,Medium,na,adobe.com,,,,,,
gpv,adobe.com,.adobe.com,/,2025-11-24T18:34:12.000Z,12,,,,,,Medium,na,adobe.com,,,,,,
international,de,.adobe.com,/,Session,15,,,,,,Medium,na,adobe.com,,,,,,
kndctr_9E1005A551ED61CA0A490D45_AdobeOrg_cluster,irl1,.adobe.com,/,2025-11-24T18:34:11.440Z,52,,✓,None,,,Medium,na,adobe.com,,,,,,
kndctr_9E1005A551ED61CA0A490D45_AdobeOrg_identity,CiY0MDA4OTU4NjczNTcwNjg2NzY1Mjk5OTUyNjE5NTgyNTE3Nzk3NlIRCJ60prirMxgBKgRJUkwxMAPwAZ60prirMw%3D%3D,.adobe.com,/,2026-12-24T18:04:11.440Z,145,,✓,None,,,Medium,na,adobe.com,,,,,,
mbox,session%2340089586735706867652999526195825177976%2DMvCiMS%231764009311,.adobe.com,/,2026-12-29T18:04:11.440Z,74,,✓,None,,,Medium,na,adobe.com,,,,,,
mboxEdgeCluster,37,.adobe.com,/,2025-11-24T18:34:11.440Z,17,,✓,None,,,Medium,na,adobe.com,,,,,,
OptanonConsent,isGpcEnabled=0&datestamp=Tue+Nov+25+2025+02%3A04%3A17+GMT%2B0800+(China+Standard+Time)&version=202501.1.0&browserGpcFlag=0&isIABGlobal=false&hosts=&consentId=dc4d7660-e8d3-47e6-9d4f-1a0fe227ee64&interactionCount=1&isAnonUser=1&landingPath=NotLandingPage&groups=C0001%3A1%2CC0002%3A0%2CC0003%3A0%2CC0004%3A0&AwaitingReconsent=false,.adobe.com,/,2026-11-24T18:04:17.000Z,344,,✓,None,,,Medium,na,adobe.com,,,,,,
RT,"""z=1&dm=adobe.com&si=a47f5371-9cb5-4ae8-afb1-2e115a6f2ee9&ss=midgh7bn&sl=1&tt=5rz&rl=1&ld=7jg&ul=gpu&hd=gys""",.adobe.com,/,2025-12-01T18:04:10.000Z,110,,,Lax,,,Medium,na,adobe.com,,,,,,
s_nr,1764007452464-Repeat,.adobe.com,/,2026-11-24T18:04:12.000Z,24,,,,,,Medium,na,adobe.com,,,,,,
bm_sv,9A26DA24199B5F64D270CF5D7A2402E5~YAAQkhYwFxtlEp+aAQAAeTwKtx1vuYLhP9gPi4NlTfvE2vEI4DWMsKZLchElsU6Owvpr/61biuhNAud1+wHG7FUbYrK5SYi/9e0bGcC4/e/m0iQmKqNnv7WXby2HvWMeiirFCNAWnAxmF0dfNiSR5BdDygtm3Cr+Utc+85BsagN4OYaL6ZIdXuNZXgYAUyFsjTWMs/0ioOfMi0/ykTSdo82ZI14K+9qPNmQ3Om5jAPeIt3NR52XQsDs/ivKrvBNk~1,.adobe.com,/,2025-11-24T18:22:11.786Z,296,,✓,,,,Medium,re,adobe.com,,,,,,
fg,Z7NRZPY3FLM5ADEKFAQVIHAACI======,.adobe.com,/,2025-11-25T18:04:47.775Z,34,,✓,None,,,Medium,re,adobe.com,,,,,,
ftrset,894,adobeid-na1.services.adobe.com,/,Session,9,✓,✓,None,,,Medium,re,adobe.com,,,,,,
gpv,adobe.com,.adobe.com,/,2025-11-24T18:34:12.000Z,12,,,,,,Medium,re,adobe.com,,,,,,
international,de,.adobe.com,/,Session,15,,,,,,Medium,re,adobe.com,,,,,,
kndctr_9E1005A551ED61CA0A490D45_AdobeOrg_cluster,irl1,.adobe.com,/,2025-11-24T18:34:44.709Z,52,,✓,None,,,Medium,re,adobe.com,,,,,,
kndctr_9E1005A551ED61CA0A490D45_AdobeOrg_consent,general%3Dout,.adobe.com,/,2026-05-23T18:04:44.709Z,61,,✓,None,,,Medium,re,adobe.com,,,,,,
kndctr_9E1005A551ED61CA0A490D45_AdobeOrg_identity,CiY0MDA4OTU4NjczNTcwNjg2NzY1Mjk5OTUyNjE5NTgyNTE3Nzk3NlIRCJ60prirMxgBKgRJUkwxMAPwAZ60prirMw%3D%3D,.adobe.com,/,2026-12-24T18:04:11.440Z,145,,✓,None,,,Medium,re,adobe.com,,,,,,
mbox,session%2340089586735706867652999526195825177976%2DMvCiMS%231764009311,.adobe.com,/,2026-12-29T18:04:11.440Z,74,,✓,None,,,Medium,re,adobe.com,,,,,,
mboxEdgeCluster,37,.adobe.com,/,2025-11-24T18:34:11.440Z,17,,✓,None,,,Medium,re,adobe.com,,,,,,
OptanonAlertBoxClosed,2025-11-24T18:04:44.316Z,.adobe.com,/,2026-11-24T18:04:44.000Z,45,,✓,None,,,Medium,re,adobe.com,,,,,,
OptanonConsent,isGpcEnabled=0&datestamp=Tue+Nov+25+2025+02%3A04%3A44+GMT%2B0800+(China+Standard+Time)&version=202501.1.0&browserGpcFlag=0&isIABGlobal=false&hosts=&consentId=dc4d7660-e8d3-47e6-9d4f-1a0fe227ee64&interactionCount=2&isAnonUser=1&landingPath=NotLandingPage&groups=C0001%3A1%2CC0002%3A0%2CC0003%3A0%2CC0004%3A0&AwaitingReconsent=false&intType=2,.adobe.com,/,2026-11-24T18:04:44.000Z,354,,✓,None,,,Medium,re,adobe.com,,,,,,
relay,e3ed55ba-68d3-4e35-b750-b97829a3b3e2,adobeid-na1.services.adobe.com,/,Session,41,,✓,None,,,Medium,re,adobe.com,,,,,,
RT,"""z=1&dm=adobe.com&si=a47f5371-9cb5-4ae8-afb1-2e115a6f2ee9&ss=midgh7bn&sl=1&tt=5rz&rl=1&ld=7jg&ul=gpu&hd=gys""",.adobe.com,/,2025-12-01T18:04:10.000Z,110,,,Lax,,,Medium,re,adobe.com,,,,,,
s_nr,1764007452464-Repeat,.adobe.com,/,2026-11-24T18:04:12.000Z,24,,,,,,Medium,re,adobe.com,,,,,,
__pdst,c5c9e02609d6452aa78d5de0086a8c5e,www.adobe.com,/,2026-11-24T18:05:31.000Z,38,,,Strict,,,Medium,ac,adobe.com,,,,,,
__Secure-BUCKET,CKEF,.google.com,/,2026-05-23T16:32:16.810Z,19,✓,✓,Lax,,,Medium,ac,adobe.com,,,,,,
__Secure-ENID,29.SE=H8mUeOy_eeHoAk7Xvb-feH0R6RtBpwA7hz7Cm6xYkpIqF52RyUHiU9vJnJzxpi5HJy5KbfVeaSs70pZwJvrmr_cU9l9lqz5am2xRCJNJPwllXp8f061H0JQp5rFd1JK4n5Sd_ErMpQw0LozdF7Em2txXV2p9s0NVBfEiklTe1SJTrvdlvfF-lhX0aCLL3m-l64rbGOixETzeHrIvvJ2ye0KR49Zo2jUH9g1uaWQMxRAhbDyR-sNAxjuPMgCueF1-BcbP07u-oDzYsX4wuayf-5v-Fzrw19M,.google.com,/,2026-12-25T08:48:33.810Z,306,✓,✓,Lax,,,Medium,ac,adobe.com,,,,,,
_auth,0,.pinterest.com,/,2026-11-19T16:00:23.401Z,6,✓,✓,,,,Medium,ac,adobe.com,,,,,,
_cs_c,0,.adobe.com,/,2026-12-25T04:05:30.000Z,6,,,Lax,,,Medium,ac,adobe.com,,,,,,
_cs_id,6092ab00-ea55-a7d2-f0ff-dc5d05ea49e6.1764007530.1.1764007530.1764007530.1717775740.1798171530498.1,.adobe.com,/,2026-12-25T04:05:30.000Z,104,,,Lax,,,Medium,ac,adobe.com,,,,,,
_cs_mk_aa,0.9206100193260531_1764007528737,.adobe.com,/,2025-11-24T18:35:28.000Z,41,,✓,None,,,Medium,ac,adobe.com,,,,,,
_cs_s,1.0.0.9.1764009330510,.adobe.com,/,2025-11-24T18:35:30.000Z,26,,,Lax,,,Medium,ac,adobe.com,,,,,,
_fbp,fb.1.1764007529947.163327494,.adobe.com,/,2026-02-22T18:05:29.000Z,32,,,Lax,,,Medium,ac,adobe.com,,,,,,
_gcl_au,1.1.1946354092.1764007532,.adobe.com,/,2026-02-22T18:05:32.000Z,32,,,,,,Medium,ac,adobe.com,,,,,,
_pin_unauth,dWlkPU56ZzNNMkZpWVdVdFptSTJNeTAwTldRMExUaGlPR1V0TUdaak56YzVOV1V4TURKbQ,.adobe.com,/,2026-11-24T18:05:31.000Z,81,,,,,,Medium,ac,adobe.com,,,,,,
_pinterest_ct_ua,TWc9PSZKZW1FdGVxbXJFNzQ4Q1ZsOElieDM2dERKd2k2WDV5bVRDUzNmTE5QbFZqSVEybW90REdiVndjcmxQSm1UODZodnZYZUxOZDJOdENGRndMOFcvZUhndnArVEIxT1FCaUFGVnFYa3lGWjVwND0md0tqeU9hNDgwcmV6SUQ4TE5XOG9DSzBzYzRBPQ==,.ct.pinterest.com,/,2026-11-24T18:05:31.686Z,208,,✓,None,,,Medium,ac,adobe.com,,,,,,
_pinterest_sess,TWc9PSZJTkxrS2NMVmNIUGF1NncxMitWaGVpVzdOZ2pPeU1Za1Y5aFlTK0lFMERFQk5Bd25uNSt1RjBnNEFtN0pZLzdqUlB2ZG85Z3BmYVpnbEpOMGxmYmpVdEllWW1BUlRycDFYYjNXd3pQTmR5dz0mRHhUaUVFMnczdEQ2alUwNWUrWUJhbUdobjJVPQ==,.pinterest.com,/,2026-11-19T16:00:23.401Z,207,✓,✓,None,,,Medium,ac,adobe.com,,,,,,
_ScCbts,%5B%5D,.adobe.com,/,2025-12-01T18:05:32.000Z,13,,,Lax,,,Medium,ac,adobe.com,,,,,,
_scid,6phSN3KdbOBWUpBFfgKkQhitHrk21YH0,.adobe.com,/,2026-12-24T18:05:31.000Z,37,,,Lax,,,Medium,ac,adobe.com,,,,,,
_scid_r,6phSN3KdbOBWUpBFfgKkQhitHrk21YH0,.adobe.com,/,2026-12-24T18:05:31.000Z,39,,,Lax,,,Medium,ac,adobe.com,,,,,,
AMCV_9E1005A551ED61CA0A490D45%40AdobeOrg,MCMID|22433270949028834978419537349800086278,.adobe.com,/,2026-12-29T18:05:17.112Z,84,,,,,,Medium,ac,adobe.com,,,,,,
bm_sv,9A26DA24199B5F64D270CF5D7A2402E5~YAAQmBYwFxdqNKiaAQAAodwOtx3ROdGwrffRh48mDcPpaGDudJz3W1eZMgUfRutg/15HvqcmZctlGcgSc0M6Xe5+Oyy0p9HCJuKIgH+70+2T3WPzQIbFL817kGGjFrojEH2F6CEbFfjw6CJuDZ3LWYsGP6+HOfaeX4lkN9oaPPqYwdxEqo06h8pms8d/Y6iBLzfu2eTGKW9oCimaIZpI49IdSnX6fVnrEHQBJhqCUlBYCRJVRWG5LVRcDgKzZgHz7g==~1,.adobe.com,/,2025-11-24T18:22:11.967Z,300,,✓,,,,Medium,ac,adobe.com,,,,,,
fg,Z7NSDPY3FLM5ADEKFAQVIHAACI======,.adobe.com,/,2025-11-25T18:09:47.427Z,34,,✓,None,,,Medium,ac,adobe.com,,,,,,
gpv,adobe.com,.adobe.com,/,2025-11-24T18:39:50.000Z,12,,,,,,Medium,ac,adobe.com,,,,,,
kndctr_9E1005A551ED61CA0A490D45_AdobeOrg_cluster,irl1,.adobe.com,/,2025-11-24T18:39:47.038Z,52,,✓,None,,,Medium,ac,adobe.com,,,,,,
kndctr_9E1005A551ED61CA0A490D45_AdobeOrg_consent,general%3Din,.adobe.com,/,2026-05-23T18:05:28.894Z,60,,✓,None,,,Medium,ac,adobe.com,,,,,,
kndctr_9E1005A551ED61CA0A490D45_AdobeOrg_identity,CiYyMjQzMzI3MDk0OTAyODgzNDk3ODQxOTUzNzM0OTgwMDA4NjI3OFIRCJXzurirMxgBKgRJUkwxMAPwAZXzurirMw%3D%3D,.adobe.com,/,2026-12-24T18:09:47.038Z,145,,✓,None,,,Medium,ac,adobe.com,,,,,,
mbox,session%2322433270949028834978419537349800086278%2DxGflrq%231764009646,.adobe.com,/,2026-12-29T18:09:47.038Z,74,,✓,None,,,Medium,ac,adobe.com,,,,,,
mboxEdgeCluster,37,.adobe.com,/,2025-11-24T18:39:47.038Z,17,,✓,None,,,Medium,ac,adobe.com,,,,,,
OptanonAlertBoxClosed,2025-11-24T18:05:28.453Z,.adobe.com,/,2026-11-24T18:05:28.000Z,45,,✓,None,,,Medium,ac,adobe.com,,,,,,
OptanonConsent,isGpcEnabled=0&datestamp=Tue+Nov+25+2025+02%3A09%3A55+GMT%2B0800+(China+Standard+Time)&version=202501.1.0&browserGpcFlag=0&isIABGlobal=false&hosts=&consentId=dc4d7660-e8d3-47e6-9d4f-1a0fe227ee64&interactionCount=3&isAnonUser=1&landingPath=NotLandingPage&groups=C0001%3A1%2CC0002%3A1%2CC0003%3A1%2CC0004%3A1&AwaitingReconsent=false&intType=1,.adobe.com,/,2026-11-24T18:09:56.000Z,354,,✓,None,,,Medium,ac,adobe.com,,,,,,
QSI_S_ZN_3n5vYIa1VY8b4LY,r:13:3,www.adobe.com,/,2025-12-01T18:09:56.000Z,30,,,,,,Medium,ac,adobe.com,,,,,,
s_nr,1764007789644-New,.adobe.com,/,2026-11-24T18:09:49.000Z,21,,,,,,Medium,ac,adobe.com,,,,,,
ttcsid,1764007531538::Wg-r5pvlvJQEV6UJ1uhF.1.1764007799028.0,.adobe.com,/,2026-12-19T18:09:59.000Z,59,,,,,,Medium,ac,adobe.com,,,,,,
ttcsid_C3B6I6D63S9JQHUOKGCG,1764007531537::sQGOKr6D8MRuDbgKL16H.1.1764007799025.0,.adobe.com,/,2026-12-19T18:09:59.000Z,80,,,,,,Medium,ac,adobe.com,,,,,,
_ttp,01KAVGNN0EZV0DEFQJ8XNN019R_.tt.1,.adobe.com,/,2026-12-19T18:09:59.000Z,36,,,,,,Medium,ac,adobe.com,,,,,,
_uetsid,2a6a6f20c96011f0a811b9ac63550c37,.adobe.com,/,2025-11-25T18:09:58.000Z,39,,,,,,Medium,ac,adobe.com,,,,,,
_uetvid,2a6a9900c96011f098f14d90672e55bf,.adobe.com,/,2026-12-19T18:09:58.000Z,39,,,,,,Medium,ac,adobe.com,,,,,,
adcloud,{%22_les_v%22:%22c%2Cy%2Cadobe.com%2C1764009331%22},.adobe.com,/,2026-12-29T18:05:31.243Z,58,,,,,,Medium,ac,adobe.com,,,,,,
adobeHit,3,.adobe.com,/,Session,9,,,,,,Medium,ac,adobe.com,,,,,,
ak_bmsc,975490BC5C6A00DDA38E5421EF5B9489~000000000000000000000000000000~YAAQkhYwF/9pEp+aAQAAaZwKtx1q3Oe/1fDzL94vz2BRVdh9KCfUheoJyMTv4E1LGCsLii9Oo6nfl1bNmCLjjoyx8VbJp5yyvkrF53zjmC2yTQi8VZcsctfL0vmCkUSU6P7x70WMe4MFx+PNg6WXz5PqgOqXLHgmtOKJ+W5visBIQmAyJhcUBxtcFtp8Hflj4hRU9siwAIohJe0n2AISfpkEHos2IfYblKeoAdYPl3BTesMPbhZk2zDZ+6gXCDDxAb9Ba+lXs7W0BFhitMqBrVfSc7Zkvw/zk3ABdMs3d0/TXdRAlQblo5EoISNlFhVWBNiDHu8p9WUDl/eqa+IWcMOvTGVUGgo8p5XNIyL1NsqjbxXw6lvrKVTANY4+X0/U3Mg7TxyXi+JZ+cbErSu1wwk4ngEXVsO5Bqwf5oWRozuC5eU7CJeiMgK1MRnU2plnCL9++qSJ+1v4ifnbHQ==,.adobe.com,/,2025-11-24T20:05:15.388Z,539,✓,,,,,Medium,ac,adobe.com,,,,,,
AKA_A2,A,.adobe.com,/,2025-11-24T19:05:15.680Z,7,✓,✓,,,,Medium,ac,adobe.com,,,,,,
__Secure-BUCKET,CKEF,.google.com,/,2026-05-23T16:32:16.810Z,19,✓,✓,Lax,,,Medium,ac,adobe.com,,,,,,
__Secure-ENID,29.SE=H8mUeOy_eeHoAk7Xvb-feH0R6RtBpwA7hz7Cm6xYkpIqF52RyUHiU9vJnJzxpi5HJy5KbfVeaSs70pZwJvrmr_cU9l9lqz5am2xRCJNJPwllXp8f061H0JQp5rFd1JK4n5Sd_ErMpQw0LozdF7Em2txXV2p9s0NVBfEiklTe1SJTrvdlvfF-lhX0aCLL3m-l64rbGOixETzeHrIvvJ2ye0KR49Zo2jUH9g1uaWQMxRAhbDyR-sNAxjuPMgCueF1-BcbP07u-oDzYsX4wuayf-5v-Fzrw19M,.google.com,/,2026-12-25T08:48:33.810Z,306,✓,✓,Lax,,,Medium,ac,adobe.com,,,,,,
AEC,AaJma5uf_5qNGfkwWrtehbNSOtVvdU1jHXYjPFoztjgbnIg4rwJIuHNrhg,.google.com,/,2026-05-23T16:30:15.427Z,61,✓,✓,Lax,,,Medium,ac,adobe.com,,,,,,
SOCS,CAESHwgCEhJnd3NfMjAyNTExMjAtMF9SQzEaBXpoLUNOIAEaBgiAwI7JBg,.google.com,/,2026-12-24T16:32:16.810Z,62,,✓,Lax,,,Medium,ac,adobe.com,,,,,,
demdex,09157419763702351540283404064019297883,.demdex.net,/,2026-05-23T18:09:59.401Z,44,,✓,None,,,Medium,ac,adobe.com,,,,,,
dpm,09157419763702351540283404064019297883,.dpm.demdex.net,/,2026-05-23T18:09:59.401Z,41,,✓,None,,,Medium,ac,adobe.com,,,,,,
flashtalkingad1,"""GUID=653755308281C3|segment=(afr5)""",.flashtalking.com,/,2026-12-25T04:09:59.045Z,51,,✓,None,,,Medium,ac,adobe.com,,,,,,
affinity,"""19d71a4f2824b8c9""",www.webex.com,/,Session,26,✓,✓,,,,Medium,na,webex.com,,,,,,
ak_bmsc,3E66D9E69CFDEC9CEF2A569375783012~000000000000000000000000000000~YAAQ2rMUAnKv76uaAQAAKCvHth0uOgo80lkP/Suxsmn52OoCgweZACapYpNQBMYBZ2dn5tLhyVDBSsNYKiFfBcJpGtFwuxwnI3T5NXE0F+xgPkgpM0YIw7bNrJFopfRiHZRFfe1T0m8fPGWl7SYc9XmZw3Oe2KgxfQUpAUbc9QcDJLGfXm60YsaSRvcNHgaBms3Gu1ufhnCwFZ1Ag8S+5dygmEiirfR3nN5RNeeJ4P8dIRRLrZRRQFzkFibbYhZj/leQ0ZArOafe4KyEnkFUH3kcIt7AplwbbEnKm71uaRO946jaeD6B5GxwYAhcupDHxtiJo47jVmdtzJw64uCGRxYkOYRShi0o6Iapw6NZM2pHvCRAUX/FeshPDFO4Jvj2ekjWhkCNgR8zClXlVMCmhQOQVvzGOZ2FwRzL07gfVcSJ1ImYtWsRN57Ds8VRHOTdU6X2cz07NEEz5ORtLwW4t2q8D6ePK7ErGE91ThgWdY5RxZCV+F30Xu2hXT5ZW2okjaUUvKnWHbVQ0fRRip6mTjbf1RyzcPDmV6IBql+z/7FBJkn9PsNDyHjs0OJwIJ/ShBJthRB8lnU=,.webex.com,/,2025-11-24T18:51:33.456Z,659,✓,,,,,Medium,na,webex.com,,,,,,
bm_mi,BDCD6C09E829CC50CEF1BB7BCA654C61~YAAQ2rMUAlSu76uaAQAAhB3Hth0K5Sb/YoVsiTKi1ZIW/JZzmn11y0/uTNq2rhtP0+o1wUmTUE5vYQ5HBtwDh3CjEnPZJjJ+I/TGc7befFAQZndw6/732GhTX7xMHU2V7OF6BM7rDBtsu7qr8o8ijLLTHOJCppIirDNsommxjgaxN7h1v0ih+lMcfEmsZsFBhH7c7O0XZmF2iuoNXkqVIhDl2vUbUmist0xzGjegYmgdL9MMMy99GcmRB3j81abpOdECYHfsjD/6H9zRqgFZk9IiZPjKXTqCE8znx0Xf0gUIQgSwnl1Xu5q7o07HWCjdEcoK1bTxsLXA6jQVx90t9SxqCc5j40G2HL6EbPr8Xq/cbhtKLchJX6BeejR6bQhCEU+hAlKaz8QjbSDROloRvjhRWZOUeg==~1,.webex.com,/,2025-11-24T18:51:34.118Z,456,,✓,,,,Medium,na,webex.com,,,,,,
bm_sv,1D5764646E445FE54333F30778A6349F~YAAQnF5swd3j5KiaAQAAedMStx2wAkrbkMuzOZGruMIQiCdQB9uPqrT4TT7EBDWPGIi2ygJL3nuLQnFU9DPe8Za7ehxo7g9vf/S8+FjhFbKe0L0qwJ3zURdiL2LA9L2xO9jzbAFUKwXyfIYZn7EyYf5MaOBRWvqIuvYtzkAwtktzjeoXNTm/cuMheYG7nhbTtkqvnjj24lCOBly/9t/cLRMdqKTd3F+Jtq+Pj8N1RUqX+mzB6ZleXR1mZ3gDYfc=~1,.webex.com,/,2025-11-24T18:51:33.756Z,296,,✓,,,,Medium,na,webex.com,,,,,,
OptanonAlertBoxClosed,2025-11-24T17:30:51.056Z,.webex.com,/,2026-11-24T17:30:51.000Z,45,,,Lax,,,Medium,na,webex.com,,,,,,
OptanonConsent,isGpcEnabled=0&datestamp=Tue+Nov+25+2025+02%3A14%3A19+GMT%2B0800+(China+Standard+Time)&version=202510.1.0&browserGpcFlag=0&isIABGlobal=false&hosts=&consentId=3ba2abed-69a2-4267-b299-fbf954c76f00&interactionCount=2&isAnonUser=1&landingPath=NotLandingPage&groups=1%3A1%2C2%3A0%2C4%3A0%2C3%3A0&intType=2&geolocation=DE%3BHE&AwaitingReconsent=false,.webex.com,/,2026-11-24T18:14:19.000Z,358,,,Lax,,,Medium,na,webex.com,,,,,,
prev_page_name,https%3A%2F%2Fwww.webex.com%2F,.webex.com,/,2025-11-24T18:44:19.000Z,44,,,,,,Medium,na,webex.com,,,,,,
RT,"""z=1&dm=www.webex.com&si=535b4391-60c8-44dc-acbb-71fd14a49178&ss=midguk7q&sl=1&tt=90l&bcn=%2F%2F684dd330.akstat.io%2F&ld=90p""",.www.webex.com,/,2025-12-01T18:14:23.000Z,127,,✓,None,,,Medium,na,webex.com,,,,,,
utag_main,v_id:019ab6c74efa0000bf64c1c5b1050506f001606700979$_sn:3$_se:3$_ss:0$_st:1764009863863$ses_id:1764008058993%3Bexp-session$_pn:1%3Bexp-session$ctm_ss:true%3Bexp-session,.webex.com,/,2026-11-24T18:14:23.000Z,176,,,,,,Medium,na,webex.com,,,,,,